[{"assetType":"API","assetObject":{"name":"CustomersAPI[2.0]","id":"a8b9e5e1-5d34-44df-94a6-99b0d2ace5e2","status":"Success","explanation":"OK","warning":false}},{"assetType":"PolicyAction","assetObject":{"name":"Policy Action [Straight Through Routing] -> Policy For API CustomersAPI[2.0]","id":"94c2e5d2-7901-4fc6-b99b-14604be1a49b","status":"Success","explanation":"OK","warning":false}},{"assetType":"Policy","assetObject":{"name":"Policy For API CustomersAPI[2.0]","id":"066fae9e-ed05-4406-b859-8d56f3900c6a","status":"Success","explanation":"OK","warning":false}},{"assetType":"PolicyAction","assetObject":{"name":"Policy Action [Enable HTTP / HTTPS] -> Policy For API CustomersAPI[2.0]","id":"5494c2f1-5a56-4da2-9b9a-8cb70af159de","status":"Success","explanation":"OK","warning":false}}]